<keymap version="1" name="Default copy" parent="$default">
  <action id="AddToFavoritesPopup" />
  <action id="Arrangement.Alias.Rule.Edit" />
  <action id="Arrangement.Alias.Rule.Match.Condition.Move.Up" />
  <action id="Arrangement.Rule.Edit" />
  <action id="Arrangement.Rule.Match.Condition.Move.Down" />
  <action id="Arrangement.Rule.Match.Condition.Move.Up" />
  <action id="ChangesView.Rename">
    <keyboard-shortcut first-keystroke="shift f6" />
  </action>
  <action id="ChoosePrevSubsequentPropertyValueEditorAction" />
  <action id="CodeCompletion">
    <keyboard-shortcut first-keystroke="ctrl space" />
    <keyboard-shortcut first-keystroke="alt slash" />
  </action>
  <action id="Console.TableResult.EditValue">
    <keyboard-shortcut first-keystroke="enter" />
    <keyboard-shortcut first-keystroke="alt enter" />
  </action>
  <action id="Debugger.EditArrayFilter" />
  <action id="DuplicatesForm.SendToRight" />
  <action id="FileChooser.GotoProject" />
  <action id="Generate">
    <keyboard-shortcut first-keystroke="alt insert" />
    <keyboard-shortcut first-keystroke="shift alt s" />
  </action>
  <action id="Git.Reword.Commit">
    <keyboard-shortcut first-keystroke="shift f6" />
  </action>
  <action id="GotoBookmark2" />
  <action id="GotoNextError" />
  <action id="GotoNextIncompletePropertyAction" />
  <action id="GuiDesigner.EditComponent" />
  <action id="GuiDesigner.EditGroup" />
  <action id="HippieCompletion" />
  <action id="IntroduceVariable">
    <keyboard-shortcut first-keystroke="ctrl alt v" />
    <keyboard-shortcut first-keystroke="ctrl 2" second-keystroke="l" />
  </action>
  <action id="MethodDown" />
  <action id="MethodUp" />
  <action id="MoveLineDown">
    <keyboard-shortcut first-keystroke="shift alt down" />
    <keyboard-shortcut first-keystroke="alt down" />
  </action>
  <action id="MoveLineUp">
    <keyboard-shortcut first-keystroke="shift alt up" />
    <keyboard-shortcut first-keystroke="alt up" />
  </action>
  <action id="NewClass">
    <keyboard-shortcut first-keystroke="shift alt j" />
  </action>
  <action id="NewDir">
    <keyboard-shortcut first-keystroke="shift alt p" />
  </action>
  <action id="RenameElement">
    <keyboard-shortcut first-keystroke="shift f6" />
    <keyboard-shortcut first-keystroke="shift alt r" />
  </action>
  <action id="RerunTests" />
  <action id="ShelvedChanges.Rename">
    <keyboard-shortcut first-keystroke="shift f6" />
  </action>
  <action id="ShowContent" />
  <action id="ShowIntentionActions">
    <keyboard-shortcut first-keystroke="alt enter" />
    <keyboard-shortcut first-keystroke="f2" />
  </action>
  <action id="TableResult.UnselectPreviousOccurrence" />
  <action id="UnselectPreviousOccurrence" />
  <action id="XDebugger.EditWatch" />
  <action id="XDebugger.MoveWatchDown" />
  <action id="XDebugger.MoveWatchUp" />
  <action id="XDebugger.SetValue" />
  <action id="context.save" />
  <action id="hg4idea.QPushAction" />
</keymap>